City,Cloudiness,Country,Date,Humidity,Lat,Lng,Max Temp,Wind Speed
Caratinga,64,BR,1623954946,55,-19.7897,-42.1392,74.68,5.08
Dikson,100,RU,1623954726,98,73.5069,80.5464,31.66,13.4
Tiznit Province,48,MA,1623954793,74,29.5833,-9.5,64.49,12.26
Tambopata,40,PE,1623954947,61,-12.7333,-69.1833,82.29,4.61
Naples,0,IT,1623954841,70,40.8333,14.25,75.81,1.01
Saint-Philippe,57,RE,1623954758,82,-21.3585,55.7679,71.15,12.41
Nikolskoye,16,RU,1623954733,69,59.7035,30.7861,66.09,1.72
Talnakh,100,RU,1623954776,97,69.4865,88.3972,53.98,8.25
Esperance,99,AU,1623954719,60,-33.8667,121.9,53.44,6.06
Prince Rupert,90,CA,1623954947,94,54.3161,-130.3201,53.69,3.44
Itarema,6,BR,1623954755,80,-2.9248,-39.9167,81.27,14.81
Punta Arenas,0,CL,1623954560,87,-53.15,-70.9167,41.02,6.91
Rikitea,69,PF,1623954714,78,-23.1203,-134.9692,74.26,28.27
Port Elizabeth,0,ZA,1623954754,77,-33.918,25.5701,62.6,20.71
Ushuaia,0,AR,1623954860,81,-54.8,-68.3,37.06,4.61
Half Moon Bay,1,US,1623954610,52,37.4636,-122.4286,100.58,4.61
Bredasdorp,13,ZA,1623954739,72,-34.5322,20.0403,60.8,8.05
Vardø,0,NO,1623954898,76,70.3705,31.1107,46.15,5.75
Mataura,11,NZ,1623954731,97,-46.1927,168.8643,33.48,3.8
Kaitangata,45,NZ,1623954734,87,-46.2817,169.8464,41.23,6.67
Tasiilaq,40,GL,1623954720,65,65.6145,-37.6368,41.0,8.05
Nemuro,100,JP,1623954885,85,43.3236,145.575,47.44,7.58
Castro,99,BR,1623954540,68,-24.7911,-50.0119,58.48,1.74
Albany,2,US,1623954510,35,42.6001,-73.9662,75.85,1.99
Busselton,6,AU,1623954713,81,-33.65,115.3333,38.08,8.97
East London,0,ZA,1623954762,77,-33.0153,27.9116,59.94,6.91
Vaini,40,TO,1623954751,100,-21.2,-175.2,68.0,3.44
Lebu,3,CL,1623954949,68,-37.6167,-73.65,56.28,3.6
Ratnapura,97,LK,1623954949,93,6.6828,80.3992,75.79,3.18
Mar del Plata,40,AR,1623954950,65,-38.0023,-57.5575,51.01,4.0
Sarīla,100,IN,1623954950,73,25.7667,79.6833,82.11,7.02
Coyhaique,0,CL,1623954728,64,-45.5752,-72.0662,39.31,4.61
Atuona,4,PF,1623954736,73,-9.8,-139.0333,79.25,23.76
Krasnyy Luch,100,UA,1623954950,92,48.1395,38.9371,61.59,7.23
Saint Paul Harbor,90,US,1623954712,93,57.79,-152.4072,47.71,13.8
Asău,100,RO,1623954756,90,46.4333,26.4,67.12,5.88
Lagoa,100,PT,1623954793,65,39.05,-27.9833,64.74,14.12
Hermanus,70,ZA,1623954733,82,-34.4187,19.2345,59.81,7.45
Chāndbāli,100,IN,1623954883,83,20.7833,86.7667,79.92,7.99
Ughelli,100,NG,1623954951,96,5.4899,6.0074,75.04,4.0
New Norfolk,94,AU,1623954727,90,-42.7826,147.0587,52.0,1.01
Nanortalik,51,GL,1623954830,80,60.1432,-45.2371,38.39,2.86
Ponta do Sol,100,PT,1623954724,48,32.6667,-17.1,71.13,6.87
Port Alfred,0,ZA,1623954755,78,-33.5906,26.891,63.84,21.59
Greymouth,100,NZ,1623954952,84,-42.4667,171.2,45.66,9.66
Vanimo,100,PG,1623954952,88,-2.6741,141.3028,76.01,3.31
Chui,86,UY,1623954746,81,-33.6971,-53.4616,52.77,11.43
Ţahţā,0,EG,1623954803,17,26.7693,31.5021,89.92,13.94
Puerto Ayora,20,EC,1623954729,69,-0.7393,-90.3518,80.6,14.97
Cintalapa,100,MX,1623954953,99,16.6951,-93.7272,70.3,1.19
Vieste,1,IT,1623954953,66,41.8825,16.175,75.7,7.92
Severodvinsk,20,RU,1623954821,54,64.5635,39.8302,57.2,2.24
Torbay,75,CA,1623954767,79,47.6666,-52.7314,70.75,20.71
Evensk,100,RU,1623954867,89,61.95,159.2333,43.29,11.07
Longyearbyen,20,SJ,1623954819,70,78.2186,15.6401,40.84,11.5
Abu Samrah,0,SY,1623954955,50,35.3029,37.1841,70.25,10.18
Nouakchott,5,MR,1623954955,69,18.0858,-15.9785,84.13,17.94
Macia,0,MZ,1623954956,66,-25.0269,33.0989,65.44,4.74
Leningradskiy,100,RU,1623954711,91,69.3833,178.4167,37.27,4.43
George Town,20,MY,1623954674,92,5.4112,100.3354,77.9,1.99
Mbaïki,87,CF,1623954956,96,3.8678,17.9892,68.79,1.77
Nuquí,100,CO,1623954957,81,5.7125,-77.2708,80.55,7.34
Kavieng,100,PG,1623954745,73,-2.5744,150.7967,80.98,3.85
Kiryat Gat,0,IL,1623954783,16,31.61,34.7642,75.99,6.35
Kibala,20,TD,1623954957,83,9.1104,18.3463,75.15,0.0
Norman Wells,20,CA,1623954744,40,65.282,-126.8329,68.04,10.36
Guerrero Negro,8,MX,1623954782,51,27.9769,-114.0611,77.27,12.06
San Jose,20,US,1623954913,39,37.3394,-121.895,97.0,3.44
Sisimiut,100,GL,1623954957,72,66.9395,-53.6735,39.31,7.72
Ribeira Grande,75,PT,1623954714,73,38.5167,-28.7,68.4,14.97
Carnarvon,0,AU,1623954673,47,-24.8667,113.6333,48.2,9.22
Hornepayne,97,CA,1623954958,77,49.2138,-84.7705,68.85,11.88
San Patricio,40,US,1623954752,49,28.017,-97.5169,95.0,10.36
Hanover,0,DE,1623954826,37,52.3705,9.7332,89.37,3.44
Ilulissat,40,GL,1623954753,81,69.2167,-51.1,39.22,6.91
Bluff,7,NZ,1623954744,77,-46.6,168.3333,33.8,16.28
Bubaque,6,GW,1623954795,79,11.2833,-15.8333,81.66,10.98
Chokurdakh,100,RU,1623954833,67,70.6333,147.9167,41.59,8.19
Igrim,100,RU,1623954959,55,63.1906,64.4162,47.14,5.46
Vao,28,NC,1623954778,76,-22.6667,167.4833,71.22,4.81
Taltal,0,CL,1623954944,61,-25.4,-70.4833,65.43,4.76
Bethel,1,US,1623954773,38,41.3712,-73.414,77.72,13.8
Antofagasta,7,CL,1623954959,59,-23.65,-70.4,69.22,7.38
Okha,100,RU,1623954726,93,53.5739,142.9478,43.16,11.23
Boa Vista,40,BR,1623954930,58,2.8197,-60.6733,85.98,4.61
Kargasok,2,RU,1623954960,77,59.0556,80.8572,56.48,8.16
Arrondissement de Verdun,100,FR,1623954960,80,49.25,5.3333,83.17,1.07
Victoria Point,100,AU,1623954961,73,-27.5833,153.3,54.91,7.0
Batemans Bay,0,AU,1623954961,81,-35.7167,150.1833,45.99,6.35
Banda Aceh,88,ID,1623954821,79,5.5577,95.3222,78.96,9.01
Airai,67,TL,1623954764,90,-8.9266,125.4092,57.85,3.96
Talakan,100,RU,1623954962,96,50.3167,130.3667,59.7,11.03
Krasnyy Chikoy,20,RU,1623954962,86,50.3643,108.7512,45.81,7.78
Lavrentiya,89,RU,1623954775,95,65.5833,-171.0,39.11,5.17
Srednekolymsk,100,RU,1623954962,59,67.45,153.6833,51.94,16.02
Rio Grande,23,BR,1623954810,61,-32.035,-52.0986,53.71,5.53
Meulaboh,100,ID,1623954897,85,4.1363,96.1285,76.57,3.62
Mount Isa,61,AU,1623954787,33,-20.7333,139.5,59.0,10.36
Bharatpur,93,IN,1623954963,55,27.2167,77.4833,87.67,9.28
Krasnosel'kup,1,RU,1623954918,63,65.7,82.4667,57.76,9.26
Avera,0,US,1623954805,33,33.194,-82.5271,89.26,2.59
Cherskiy,70,RU,1623954728,52,68.75,161.3,47.3,13.0
Iqaluit,75,CA,1623954759,87,63.7506,-68.5145,35.6,14.97
Haines Junction,5,CA,1623954717,44,60.7522,-137.5108,58.95,3.44
Colares,75,PT,1623954963,75,38.7992,-9.4469,65.88,5.01
Hithadhoo,98,MV,1623954733,74,-0.6,73.0833,83.5,8.03
Yellowknife,75,CA,1623954964,62,62.456,-114.3525,55.92,6.91
Ati,67,TD,1623954964,32,13.2154,18.3353,94.24,15.88
Ixtapa,90,MX,1623954824,79,20.7,-105.2,87.22,4.61
Gaogou,100,CN,1623954965,91,34.0175,119.1886,72.34,5.41
Martinsburg,1,US,1623954965,33,39.4562,-77.9639,79.16,4.61
Lebyazh'ye,100,RU,1623954965,90,55.2689,66.4947,61.47,12.73
Pevek,100,RU,1623954732,93,69.7008,170.3133,32.23,5.77
Margate,100,GB,1623954966,86,51.3813,1.3862,68.11,1.99
La Primavera,73,CO,1623954966,67,5.4906,-70.4092,84.31,6.89
Puerto Varas,0,CL,1623954966,58,-41.3195,-72.9854,52.02,2.3
Praia da Vitória,20,PT,1623954967,56,38.7333,-27.0667,70.05,10.49
Arraial do Cabo,75,BR,1623954762,94,-22.9661,-42.0278,66.06,5.75
Avarua,75,CK,1623954725,83,-21.2078,-159.775,77.05,9.22
Maralal,74,KE,1623954967,66,1.0968,36.698,60.49,5.59
Zarubino,100,RU,1623954967,98,42.63,131.0922,56.77,13.02
Salacgrīva,17,LV,1623954968,72,57.7536,24.3581,62.56,7.78
Kapaa,20,US,1623954721,78,22.0752,-159.319,79.2,1.99
Narsaq,16,GL,1623954785,66,60.9167,-46.05,53.82,7.2
Cape Town,20,ZA,1623954535,92,-33.9258,18.4232,59.11,4.61
Poltavka,68,RU,1623954968,52,54.3663,71.7632,70.74,16.93
Lethem,74,GY,1623954969,72,3.3803,-59.7968,82.71,1.48
Poum,29,NC,1623954742,84,-20.2333,164.0167,74.26,5.23
Tuatapere,15,NZ,1623954770,97,-46.1333,167.6833,34.0,3.0
Whitehorse,75,CA,1623954969,44,60.7161,-135.0538,61.11,5.99
Saint George,1,US,1623954661,12,37.1041,-113.5841,108.07,5.01
Misratah,0,LY,1623954727,65,32.3754,15.0925,73.85,17.11
Xining,100,CN,1623954888,66,36.6167,101.7667,53.04,1.9
Kalyazin,1,RU,1623954970,74,57.2403,37.8433,59.34,5.17
Vila Franca do Campo,100,PT,1623954884,63,37.7167,-25.4333,70.21,9.15
Upata,88,VE,1623954970,73,8.0086,-62.3989,81.41,4.81
Constitución,0,CL,1623954754,68,-35.3333,-72.4167,59.16,4.63
Jaffna,100,LK,1623954970,77,9.6685,80.0074,83.84,18.7
Līsakovsk,100,KZ,1623954971,84,52.5369,62.4936,66.78,13.94
San Javier,0,ES,1623954971,50,37.8063,-0.8374,87.22,4.0
Hilo,90,US,1623954715,94,19.7297,-155.09,71.6,8.05
Amga,100,RU,1623954828,75,60.8953,131.9608,57.27,4.07
San Quintín,2,MX,1623954888,59,30.4833,-115.95,74.57,8.84
Touros,0,BR,1623954812,72,-5.1989,-35.4608,86.9,15.79
Lata,100,PT,1623954705,94,40.1629,-8.3327,65.05,4.9
Upernavik,7,GL,1623954738,81,72.7868,-56.1549,34.54,7.78
Katsuura,9,JP,1623954885,81,35.1333,140.3,66.99,3.0
Bambous Virieux,75,MU,1623954751,94,-20.3428,57.7575,70.05,6.91
Saint Lawrence,56,MT,1623954972,74,36.0553,14.204,72.86,1.01
Coquimbo,0,CL,1623954863,72,-29.9533,-71.3436,60.53,11.5
Richards Bay,5,ZA,1623954744,88,-28.783,32.0377,65.59,6.31
Kuremaa,80,EE,1623954972,79,58.7353,26.5383,74.88,1.05
Flinders,0,AU,1623954762,69,-34.5833,150.8552,55.18,10.0
Port Blair,100,IN,1623954753,80,11.6667,92.75,82.54,12.82
Chara,100,RU,1623954973,90,56.9064,118.2631,52.3,4.76
Bengkulu,100,ID,1623954707,87,-3.8004,102.2655,74.75,4.72
Tiksi,100,RU,1623954753,83,71.6872,128.8694,43.16,5.14
Abalak,100,RU,1623954974,96,58.1286,68.5944,57.81,8.88
Vostok,100,RU,1623954730,79,46.4856,135.8833,56.05,4.79
Thompson,90,CA,1623954711,87,55.7435,-97.8558,46.56,11.5
Taoudenni,0,ML,1623954974,5,22.6783,-3.9836,108.23,7.7
Skibbereen,97,IE,1623954757,68,51.55,-9.2667,60.6,13.8
Novikovo,1,RU,1623954974,79,51.1537,37.8879,66.6,14.58
Maceió,75,BR,1623954765,69,-9.6658,-35.7353,80.6,12.66
Bereda,100,ES,1623954975,100,43.2686,-7.5406,60.15,6.35
Lebanon,1,US,1623954276,45,36.2081,-86.2911,89.01,0.83
Saskylakh,14,RU,1623954707,56,71.9167,114.0833,65.7,6.73
Acarí,28,PE,1623954975,53,-15.4311,-74.6158,77.32,8.21
Valparaíso,20,CL,1623954976,78,-33.0393,-71.6273,59.23,5.75
Laguna,1,US,1623954846,20,38.421,-121.4238,103.21,1.99
Srandakan,49,ID,1623954976,88,-7.9386,110.2506,58.73,4.63
Souillac,75,MU,1623954976,94,-20.5167,57.5167,70.18,6.91
Shima,100,CN,1623954977,90,24.4478,117.8111,86.02,2.86
Hella,75,NO,1623954977,89,67.2,14.4333,55.76,2.3
Murphy,1,US,1623954977,42,33.0151,-96.6131,99.32,1.99
Barrow,1,US,1623954602,71,71.2906,-156.7887,50.02,10.36
Pimentel,90,PE,1623954798,73,-6.8367,-79.9342,69.8,9.22
Qui Nhon,14,VN,1623954808,78,13.7667,109.2333,79.59,3.27
Ostrovnoy,100,RU,1623954741,55,68.0531,39.5131,53.98,11.36
Vestmannaeyjar,75,IS,1623954750,93,63.4427,-20.2734,42.8,10.36
Provideniya,100,RU,1623954703,94,64.3833,-173.3,41.85,4.43
Saint-Joseph,34,RE,1623954978,81,-21.3667,55.6167,70.16,12.8
Nome,1,US,1623954774,76,64.5011,-165.4064,63.0,5.75
Butaritari,11,KI,1623954730,68,3.0707,172.7902,83.05,13.85
Mahébourg,75,MU,1623954773,94,-20.4081,57.7,70.09,6.91
Atar,6,MR,1623954820,13,20.5169,-13.0499,101.44,12.21
Maniitsoq,85,GL,1623954827,76,65.4167,-52.9,38.93,3.85
Walvis Bay,0,NA,1623954835,94,-22.9575,14.5053,56.08,4.61
Wanning,21,CN,1623954979,90,18.8003,110.3967,81.72,9.4
Oytal,46,KZ,1623954963,41,42.9057,73.2697,67.01,7.52
Dolores Hidalgo Cuna de la Independencia Nacional,58,MX,1623954979,40,21.1561,-100.9308,73.85,19.17
Cervo,100,ES,1623954980,94,43.6702,-7.4101,64.2,20.42
Port Hedland,90,AU,1623954980,82,-20.3167,118.5667,57.25,13.8
Dunedin,42,NZ,1623954775,93,-45.8742,170.5036,43.0,1.01
Muscat,0,OM,1623954980,52,23.6139,58.5922,93.22,7.96
Broome,1,US,1623954854,40,42.2506,-75.833,74.46,1.99
Yabluniv,100,UA,1623954914,91,48.4042,24.9387,74.19,3.15
Klyuchi,0,RU,1623954981,53,52.2667,79.1667,69.85,4.56
Fortuna,90,US,1623954817,94,40.5982,-124.1573,60.01,11.5
Ormond Beach,40,US,1623954911,55,29.2858,-81.0559,93.16,8.05
Grindavik,75,IS,1623954981,70,63.8424,-22.4338,47.55,11.5
Eldorado,100,BR,1623954863,64,-23.7869,-54.2836,64.99,3.74
Ngerengere,100,TZ,1623954982,82,-6.75,38.1167,80.67,1.12
Awjilah,0,LY,1623954982,18,29.1081,21.2869,88.48,10.36
Marsh Harbour,100,BS,1623954936,71,26.5412,-77.0636,80.85,11.88
Yar-Sale,13,RU,1623954982,72,66.8333,70.8333,38.01,17.54
Fare,87,PF,1623954749,66,-16.7,-151.0167,80.22,21.56
‘Āhuimanu,75,US,1623954754,68,21.4447,-157.8378,79.86,12.66
Vélingara,53,SN,1623954983,32,13.15,-14.1167,98.46,0.31
Soe,32,ID,1623954795,94,-9.8607,124.284,63.81,4.85
Hobart,75,AU,1623954443,100,-42.8794,147.3294,52.0,8.05
Takoradze,48,GH,1623954983,74,4.8845,-1.7554,79.5,10.51
San Blas,9,MX,1623954984,63,21.5167,-105.2667,98.49,10.42
Hay River,75,CA,1623954841,76,60.8156,-115.7999,48.18,13.8
Olafsvik,92,IS,1623954781,65,64.8945,-23.7142,42.71,12.97
Bairiki Village,75,KI,1623954984,83,1.3292,172.9752,80.6,6.91
San Policarpo,88,PH,1623954865,87,12.1791,125.5072,79.92,7.07
Naze,100,JP,1623954822,89,28.3667,129.4833,73.22,5.75
Majene,64,ID,1623954985,88,-3.5403,118.9707,76.71,5.61
Tuktoyaktuk,75,CA,1623954777,93,69.4541,-133.0374,39.2,6.91
Châtellerault,98,FR,1623954985,1,46.8,0.5333,68.72,2.01
Pestovo,6,RU,1623954985,70,58.5938,35.8024,60.01,2.86
Bilibino,100,RU,1623954856,99,68.0546,166.4372,36.1,3.06
Tsuruoka,5,JP,1623954986,88,38.7217,139.8217,61.56,3.4
Singaparna,92,ID,1623954986,96,-7.3515,108.111,70.88,1.32
Rawson,0,AR,1623954986,39,-43.3002,-65.1023,46.26,9.89
Lander,1,US,1623954987,16,42.833,-108.7307,91.11,6.91
Khatanga,9,RU,1623954763,61,71.9667,102.5,64.92,7.74
Severo-Kuril'sk,100,RU,1623954727,91,50.6789,156.125,44.08,9.28
Jamestown,1,US,1623954784,33,42.097,-79.2353,73.29,5.99
Cabo San Lucas,1,MX,1623954731,35,22.8909,-109.9124,99.81,5.75
Hasaki,2,JP,1623954815,80,35.7333,140.8333,63.28,10.38
Mossamedes,0,AO,1623954987,84,-15.1961,12.1522,66.54,7.23
Yebaishou,38,CN,1623954988,31,41.3975,119.6408,59.99,5.19
Tupik,100,RU,1623954988,95,54.4253,119.9327,48.87,12.5
Belaya Gora,86,RU,1623954776,75,68.5333,146.4167,53.74,12.08
Bandar-e Lengeh,0,IR,1623954988,79,26.5579,54.8807,89.71,0.0
Saint-François,100,FR,1623954755,56,46.4154,3.9054,79.18,13.8
Byron Bay,31,AU,1623954989,67,-28.65,153.6167,55.29,9.64
Kattivākkam,100,IN,1623954862,82,13.2167,80.3167,87.89,11.21
Qaqortoq,18,GL,1623954989,75,60.7167,-46.0333,54.1,7.27
Biak,52,ID,1623954990,84,-0.9131,122.8766,75.29,6.64
Marsaxlokk,0,MT,1623954990,73,35.8419,14.5431,74.08,6.91
Qaanaaq,0,GL,1623954716,76,77.484,-69.3632,37.11,4.38
Fukuechō,100,JP,1623954859,92,32.6881,128.8419,72.03,8.43
Sennar,100,SD,1623954990,42,13.5691,33.5672,90.07,9.91
Poya,50,NC,1623954991,91,-21.35,165.15,69.49,2.66
Hambantota,20,LK,1623954816,94,6.1241,81.1185,77.0,8.05
Bathsheba,40,BB,1623954807,74,13.2167,-59.5167,86.0,20.71
Salalah,90,OM,1623954751,94,17.0151,54.0924,80.69,3.44
Aklavik,75,CA,1623954850,54,68.2191,-135.0107,57.92,3.44
Udachny,39,RU,1623954991,51,66.4167,112.4,62.67,2.71
Malakanagiri,100,IN,1623954992,93,18.35,81.9,76.14,1.61
Rocha,100,UY,1623954867,73,-34.4833,-54.3333,50.74,10.33
Solton,92,RU,1623954992,93,52.8429,86.4787,56.01,5.68
Lompoc,1,US,1623954776,51,34.6391,-120.4579,96.69,11.5
Mwense,5,ZM,1623954993,40,-10.3845,28.698,61.74,3.83
Mareeba,18,AU,1623954993,96,-17.0,145.4333,66.43,1.88
Maïné Soroa,9,NE,1623954764,33,13.2114,12.0241,92.64,8.72
Tanete,98,ID,1623954993,93,-3.9443,119.7848,74.43,3.6
Kardamás,20,GR,1623954994,83,37.7667,21.3333,74.93,3.44
Ghātāl,100,IN,1623954994,90,22.6667,87.7167,77.2,5.17
Mazatán,90,MX,1623954994,100,14.8667,-92.45,78.87,3.44
Palmerston,17,AU,1623954995,92,-12.486,130.9833,73.38,0.0
Ciudad Bolivar,84,VE,1623954917,54,8.1222,-63.5497,87.94,10.76
Sumbe,26,AO,1623954995,86,-11.2061,13.8437,73.15,7.65
Jalu,0,LY,1623954995,18,29.0331,21.5482,89.4,10.33
Sitka,90,US,1623954814,51,57.0531,-135.33,62.49,8.05
Ryde,100,GB,1623954919,96,50.73,-1.1621,66.65,4.0
Calama,0,CL,1623954714,16,-22.4667,-68.9333,66.69,28.77
Pinkafeld,79,AT,1623954996,75,47.3667,16.1167,80.53,1.32
Ahtopol,1,BG,1623954996,83,42.1,27.95,66.67,5.35
Palmer,40,US,1623954864,33,42.1584,-72.3287,78.26,4.0
Blagoyevo,46,RU,1623954997,65,63.3667,47.9167,48.2,5.1
Khovd,98,MN,1623954799,46,48.0056,91.6419,61.41,2.86
Pangody,100,RU,1623954997,90,65.85,74.4859,39.27,24.16
Reshetylivka,20,UA,1623954997,90,49.565,34.0782,67.19,16.11
Hofn,100,IS,1623954749,94,64.2539,-15.2082,40.26,8.59
Saint-Louis,79,SN,1623954998,24,16.3333,-15.0,105.44,20.13
Caravelas,9,BR,1623954772,64,-17.7125,-39.2481,75.2,5.17
Brae,0,GB,1623954892,87,60.3964,-1.353,53.6,8.05
São Filipe,1,CV,1623954745,74,14.8961,-24.4956,74.73,10.83
Sinnamary,94,GF,1623954999,81,5.3833,-52.95,79.45,7.85
Pingzhuang,0,CN,1623954999,33,42.0372,119.2889,61.56,6.82
Kupang,96,ID,1623954999,81,-10.1667,123.5833,75.58,8.72
Porto Santo,20,PT,1623954765,60,33.072,-16.3415,69.71,20.71
Fort Nelson,90,CA,1623955000,67,58.8053,-122.7002,58.59,6.91
Faanui,100,PF,1623954707,72,-16.4833,-151.75,80.62,23.35
Paamiut,12,GL,1623954772,81,61.994,-49.6678,41.61,6.69
Aitape,86,PG,1623955000,89,-3.1374,142.3475,75.76,3.71
Qasigiannguit,100,GL,1623954842,81,68.8193,-51.1922,39.45,5.26
Mahibadhoo,68,MV,1623955001,76,3.7833,72.9667,83.44,11.1
Storforshei,75,NO,1623955001,93,66.4043,14.5233,51.58,5.75
Porto Velho,75,BR,1623955001,94,-8.7619,-63.9039,77.05,17.27
Lüderitz,0,NA,1623954747,59,-26.6481,15.1594,62.1,12.21
Honningsvåg,20,NO,1623955002,70,70.9821,25.9704,44.35,11.5
Goya,86,AR,1623955002,40,-29.14,-59.2626,57.76,5.28
Gornyatskiy,100,RU,1623955003,98,48.2915,40.9575,65.19,10.56
Frontera,75,MX,1623955003,54,26.9333,-101.45,82.15,6.91
Viedma,94,AR,1623954796,43,-40.8135,-62.9967,49.24,1.57
Iranshahr,0,IR,1623955003,5,27.2025,60.6848,98.94,13.8
Tigil',100,RU,1623954856,96,57.8,158.6667,40.82,12.01
Saint-Pierre,0,RE,1623954816,82,-21.3393,55.4781,71.24,4.61
Dvinskoy Bereznik,5,RU,1623955005,60,62.8551,42.7072,50.11,2.91
Pochutla,100,MX,1623955005,71,15.7432,-96.4661,85.05,10.83
Gamba,100,GA,1623955005,89,-2.65,10.0,75.09,4.83
Plyussa,100,RU,1623955005,66,58.4308,29.3654,63.16,2.62
At-Bashi,100,KG,1623955006,53,41.1702,75.8106,50.86,0.83
Turkmenabat,0,TM,1623955006,21,39.0733,63.5786,78.8,6.91
Gushikawa,75,JP,1623955006,97,26.3544,127.8686,81.63,8.05
Seoul,90,KR,1623954926,88,37.5683,126.9778,69.19,4.61
Carlyle,90,US,1623955007,47,38.6103,-89.3726,89.01,5.99
Ballina,4,AU,1623954844,54,-28.8667,153.5667,55.36,5.75
Kichera,100,RU,1623954917,80,55.9375,110.0997,51.87,5.82
Bowen,59,AU,1623954717,67,-20.0167,148.2333,61.02,9.48
Ranong,100,TH,1623955008,86,9.9658,98.6348,79.95,6.49
Raton,1,US,1623955008,23,36.9034,-104.4391,89.58,1.01
Santiago,0,CL,1623954930,48,-33.4569,-70.6483,65.17,0.0
Clyde River,75,CA,1623954731,93,70.4692,-68.5914,39.43,8.05
Pajapan,100,MX,1623955009,85,18.25,-94.7,84.36,4.68
Vancouver,40,CA,1623955009,62,49.2497,-123.1193,74.1,1.99
Thinadhoo,100,MV,1623954841,74,0.5333,72.9333,84.2,8.21
Daru,100,PG,1623955010,88,-9.0763,143.2092,77.49,13.73
Sangar,100,RU,1623955010,52,63.9242,127.4739,59.54,3.44
Necochea,100,AR,1623954845,54,-38.5473,-58.7368,49.03,7.54
Dhārchula,100,IN,1623955011,92,29.85,80.5333,69.94,1.72
Las Cruces,1,US,1623954857,14,32.3123,-106.7783,95.0,11.5
Kholm,32,RU,1623955011,65,59.2667,32.85,61.39,3.67
Hualmay,100,PE,1623955012,72,-11.0964,-77.6139,71.17,9.33
Oga,49,IT,1623955012,47,46.4631,10.347,69.8,5.75
Outjo,0,NA,1623955012,28,-20.1167,16.15,60.55,7.27
Hamilton,20,US,1623954831,41,39.1834,-84.5333,85.98,1.01
Jiménez,0,MX,1623955013,14,28.3333,-105.4,84.94,14.29
Portland,1,US,1623954816,52,45.5234,-122.6762,75.99,10.36
Kaeo,92,NZ,1623955015,89,-35.1,173.7833,51.64,1.66
Bell Ville,65,AR,1623955015,47,-32.6259,-62.6887,50.81,3.42
Shelburne,1,CA,1623955016,24,44.0787,-80.2041,78.8,12.66
Paraná,100,AR,1623954879,55,-31.732,-60.5238,55.29,4.34
Luanda,32,AO,1623954994,83,-8.8368,13.2343,75.2,6.91
Simbahan,98,PH,1623955016,72,6.3032,120.5836,82.69,4.61
Kruisfontein,3,ZA,1623954737,80,-34.0033,24.7314,60.89,15.5
Gandorhun,100,SL,1623955018,90,7.5,-11.8333,77.07,4.34
Poceirão,40,PT,1623955018,77,38.831,-8.7937,66.2,13.8
Pangkalanbuun,73,ID,1623955019,99,-2.6833,111.6167,71.67,1.97
Aksu,100,CN,1623954868,23,41.1231,80.2644,71.69,3.06
Mâncio Lima,75,BR,1623955019,65,-7.6142,-72.8958,84.27,6.91
Dingle,100,PH,1623954868,88,10.9995,122.6711,77.58,2.86
Kuminskiy,100,RU,1623955020,64,58.6667,66.5667,56.12,8.75
Esmeraldas,5,BR,1623955020,26,-19.7625,-44.3139,79.84,5.55
Mogzon,100,RU,1623955021,66,51.7435,111.9606,50.68,12.33
Lorengau,100,PG,1623954761,75,-2.0226,147.2712,80.01,3.13
Birecik,0,TR,1623955021,49,37.0294,37.9903,73.4,6.91
Hokitika,100,NZ,1623954853,78,-42.7167,170.9667,46.72,7.61
Ulladulla,0,AU,1623954725,68,-35.35,150.4667,52.88,10.4
Bridlington,76,GB,1623955022,83,54.0831,-0.1919,66.22,7.27
Edson,90,CA,1623955022,44,53.5835,-116.4356,59.11,20.71
Veracruz,76,MX,1623955018,52,19.3333,-96.6667,84.47,6.26
Mackay,90,AU,1623954845,100,-21.15,149.2,66.18,0.0
São João da Barra,55,BR,1623954780,70,-21.6403,-41.0511,77.09,11.99
Kloulklubed,43,PW,1623954791,75,7.0419,134.2556,75.7,7.58
Kudahuvadhoo,100,MV,1623954871,75,2.6708,72.8944,83.52,8.99
Lauchhammer,0,DE,1623955023,65,51.5,13.8,85.68,6.55
Mīzan Teferī,100,ET,1623955024,98,6.9833,35.5833,60.39,1.83
Hūn,0,LY,1623954998,16,29.1268,15.9477,88.09,9.15
Payo,100,ID,1623954806,98,-3.7508,103.6372,72.39,1.72
Mandaue,20,PH,1623955025,89,10.3437,123.9423,78.71,5.75
Hecun,83,CN,1623955025,57,36.5333,114.1111,68.49,7.81
Edd,31,ER,1623955025,74,13.9297,41.6925,86.77,9.08
Cidreira,83,BR,1623954746,76,-30.1811,-50.2056,56.03,8.37
Kushmurun,99,KZ,1623955026,47,52.4503,64.6311,74.86,17.76
Port-Gentil,75,GA,1623954825,78,-0.7193,8.7815,80.56,10.36
Iracoubo,91,GF,1623955026,77,5.4802,-53.2011,80.74,8.48
Kamalia,100,PK,1623955027,40,30.7333,72.65,90.43,11.61
Sulina,100,RO,1623955027,86,45.1559,29.6536,66.92,18.07
Zhigansk,11,RU,1623954763,47,66.7697,123.3711,61.93,6.6
Verkhnetulomskiy,100,RU,1623955027,67,68.6073,31.7962,53.73,8.93
Qandala,99,SO,1623955028,42,11.472,49.8728,93.11,4.03
Omboué,95,GA,1623954774,86,-1.5746,9.2618,76.14,7.7
College,75,US,1623954778,94,64.8569,-147.8028,60.21,6.91
Pumiao,18,CN,1623955028,86,22.75,108.4833,82.8,8.72
Simplício Mendes,1,BR,1623955029,23,-7.8539,-41.9103,95.41,8.28
Talcahuano,0,CL,1623954915,59,-36.7167,-73.1167,60.48,5.75
Cap-aux-Meules,75,CA,1623955029,59,47.3821,-61.8597,60.85,18.41
Chrudim,0,CZ,1623955029,41,49.9511,15.7956,80.11,4.61
Pierre,1,US,1623954605,23,44.3683,-100.351,85.12,8.05
Lerwick,10,GB,1623955030,79,60.1545,-1.1494,53.6,13.09
Alekseyevsk,99,RU,1623955030,81,57.8406,108.3492,51.67,2.21
Paita,12,PE,1623954818,66,-5.0892,-81.1144,79.36,14.97
Pangnirtung,75,CA,1623954713,75,66.1451,-65.7125,42.8,8.05
Kenai,1,US,1623955030,67,60.5544,-151.2583,55.49,5.75
Alyangula,63,AU,1623955031,100,-13.8483,136.4192,71.47,4.61
Salisbury,75,GB,1623954785,88,51.0693,-1.7957,66.2,11.5
Sobolevo,5,RU,1623954757,79,54.4299,31.8996,61.36,4.63
Hauterive,100,FR,1623955031,58,46.0901,3.4459,75.96,2.01
Vila Velha,40,BR,1623954572,63,-20.3297,-40.2925,77.97,9.22
Port Lincoln,100,AU,1623954833,73,-34.7333,135.8667,54.57,24.54
Ellisras,0,ZA,1623955032,31,-23.6649,27.7443,57.7,4.29
West Wendover,1,US,1623955032,15,40.7391,-114.0733,84.2,4.61
Praxédis Guerrero,0,MX,1623955033,14,31.3667,-106.0167,96.53,12.68
Terrasini,0,IT,1623955033,64,38.146,13.0844,78.1,5.75
Muriti,89,TZ,1623955033,67,-1.9833,32.9167,73.51,5.26
Nador,0,MA,1623954836,56,35.174,-2.9287,78.87,10.36
Holiday,100,US,1623955034,71,28.1878,-82.7395,90.14,4.0
Worland,1,US,1623955034,21,44.0169,-107.9554,81.0,8.05
Longyan,94,CN,1623955034,92,25.1072,117.0225,75.78,3.11
Adolfo López Mateos,2,MX,1623955035,38,28.4667,-107.3,78.01,7.0
Kuliyapitiya,100,LK,1623955035,92,7.4688,80.0401,82.08,5.79
Kankan,99,GN,1623955036,45,10.3854,-9.3057,86.5,3.38
Kalmunai,98,LK,1623954826,70,7.4167,81.8167,80.74,4.7
Hirara,100,JP,1623955036,88,24.8,125.2833,83.37,11.32
Erenhot,0,CN,1623955036,41,43.6475,111.9767,60.67,17.87
Russell,40,US,1623955037,38,32.3502,-85.1999,91.38,6.91
Tinskoy,22,RU,1623955037,95,56.1525,96.9161,55.36,3.56
Sola,75,VU,1623955037,89,-13.8833,167.55,79.47,0.0
Merrill,1,US,1623955017,54,45.1805,-89.6835,85.1,11.5
Sydney,0,AU,1623954957,79,-33.8679,151.2073,52.05,4.0
Egvekinot,100,RU,1623954834,97,66.3167,-179.1667,34.0,6.17
Fairbanks,75,US,1623954496,94,64.8378,-147.7164,60.22,3.44
Ucluelet,75,CA,1623954758,63,48.9329,-125.5528,62.6,10.36
Roald,75,NO,1623954808,100,62.5833,6.1333,58.12,3.44
Salé,75,MA,1623955038,73,34.0389,-6.8166,70.48,5.75
Whyalla,90,AU,1623955039,81,-33.0333,137.5833,50.0,14.97
Adrar,0,MR,1623954791,11,20.5022,-10.0711,99.03,13.53
Coahuayana Viejo,40,MX,1623955039,55,18.7333,-103.6833,89.6,6.91
Pacific Grove,1,US,1623954805,65,36.6177,-121.9166,98.8,1.01
Cameron Park,1,US,1623955016,18,38.6688,-120.9872,103.98,1.99
Quzhou,100,CN,1623955040,93,28.9594,118.8686,77.88,4.36
Waipawa,100,NZ,1623954756,89,-41.4122,175.5153,48.83,7.83
Kuytun,0,RU,1623955040,68,54.3419,101.5036,49.62,1.77
Moree,90,AU,1623955041,87,-29.4667,149.85,46.42,6.91
Santa Cruz Cabrália,40,BR,1623955041,61,-16.2781,-39.0247,79.03,6.91
Yulara,100,AU,1623954812,66,-25.2406,130.9889,46.24,5.75
Shingū,100,JP,1623955041,88,33.7333,135.9833,66.99,1.01
Bragança,19,BR,1623955042,80,-1.0536,-46.7656,82.06,4.05
Deputatsky,100,RU,1623955042,72,69.3,139.9,53.22,2.59
Teluk Nibung,100,ID,1623955042,85,3.001,99.8164,77.07,2.95
Eureka,5,US,1623954746,80,40.8021,-124.1637,67.91,3.0
Kismayo,99,SO,1623954968,83,-0.3582,42.5454,76.93,14.83
Luján,59,AR,1623955043,61,-34.5703,-59.105,52.02,6.98
Bull Savanna,89,JM,1623955043,59,17.8868,-77.5902,84.99,20.38
Begowala,40,PK,1623955044,51,32.4376,74.2682,86.0,2.21
Bagdarin,100,RU,1623955044,85,54.4333,113.6,49.73,12.73
Kitimat,100,CA,1623955044,87,54.0524,-128.6534,57.58,0.83
Rovnoye,0,RU,1623955045,76,50.7765,46.0509,63.95,8.57
Chernyshevskiy,85,RU,1623955045,78,63.0128,112.4714,52.05,3.15
Dingtao,100,CN,1623955045,72,35.0683,115.5625,71.73,5.12
Buchanan,99,LR,1623955046,80,5.8808,-10.0467,84.16,6.46
Larochette,0,LU,1623955046,67,49.7769,6.2211,84.78,4.61
Wuwei,100,CN,1623955046,32,37.9281,102.6414,62.83,2.95
Champerico,40,GT,1623955047,74,14.3,-91.9167,86.0,6.91
Gravelbourg,4,CA,1623955047,22,49.8834,-106.5512,73.67,15.43
Narragansett,40,US,1623955047,42,41.4501,-71.4495,79.21,3.0
Kirakira,2,SB,1623954839,85,-10.4544,161.9205,77.45,6.62
Surab,0,PK,1623955048,67,28.4914,66.2585,68.5,4.61
Kondinskoye,100,RU,1623955048,59,59.6481,67.41,53.33,13.38
Makakilo City,1,US,1623954946,68,21.3469,-158.0858,78.69,5.75
Port-Cartier,100,CA,1623955048,89,50.0334,-66.8654,54.75,8.57
Comodoro Rivadavia,0,AR,1623954784,49,-45.8667,-67.5,48.2,6.91
Waingapu,6,ID,1623955049,79,-9.6567,120.2641,72.64,5.57
Río Gallegos,0,AR,1623954802,56,-51.6226,-69.2181,39.25,4.61
Akola,100,IN,1623955049,70,20.7333,77.0,79.77,4.38
Arona,75,ES,1623955049,68,28.0996,-16.681,70.11,7.0
Flin Flon,90,CA,1623954665,48,54.7682,-101.865,62.44,14.97
Petropavlovsk-Kamchatskiy,75,RU,1623954688,62,53.0452,158.6483,52.39,8.95
Korla,90,CN,1623955050,16,41.7597,86.1469,74.44,5.7
San Ignacio,90,BZ,1623955050,89,17.1561,-89.0714,78.94,4.61
Los Llanos de Aridane,20,ES,1623954809,83,28.6585,-17.9182,70.12,20.71
Ust-Nera,0,RU,1623954734,44,64.5667,143.2,58.3,2.42
Laas,52,IT,1623954893,88,46.6166,10.7002,77.88,3.33
Bonavista,100,CA,1623954896,69,48.6499,-53.1147,75.2,16.67
Berlevåg,0,NO,1623954885,76,70.8578,29.0864,46.2,4.61
Pisco,0,PE,1623954748,82,-13.7,-76.2167,66.99,10.36
Lānja,94,IN,1623955051,84,16.85,73.55,77.9,12.35
Ambilobe,88,MG,1623954748,85,-13.2,49.05,69.58,3.15
Anadyr,14,RU,1623955052,80,64.75,177.4833,39.7,13.0
Eyl,5,SO,1623954798,76,7.9803,49.8164,77.77,22.35
Afrikanda,100,RU,1623955052,100,67.4429,32.7828,57.92,6.33
Ongandjera,1,NA,1623954811,23,-17.8833,15.0667,67.05,8.01
Gizo Government Station,9,SB,1623954794,74,-8.103,156.8419,81.64,8.93
Faya,96,SA,1623954718,35,18.3851,42.4509,73.51,1.45
Arrondissement de Dieppe,100,FR,1623955052,96,49.75,1.1667,72.01,5.88
Aden,96,YE,1623955053,74,12.7794,45.0367,87.19,9.93
Vilhena,40,BR,1623955053,51,-12.7406,-60.1458,82.62,9.22
Opuwo,1,NA,1623955053,28,-18.0607,13.84,62.6,3.29
Iseyin,100,NG,1623955054,67,7.9667,3.6,79.9,6.49
Salinas,1,US,1623954864,32,36.6777,-121.6555,91.0,5.75
Lamar,1,US,1623955054,55,33.6668,-95.5836,93.36,0.0
Sumbawanga,20,TZ,1623955055,72,-7.9667,31.6167,62.4,0.0
Okhotsk,42,RU,1623954730,85,59.3833,143.3,48.74,3.27
Östersund,20,SE,1623955055,40,63.1792,14.6357,68.0,4.61
Nsanje,57,MW,1623955056,64,-16.92,35.262,71.02,1.83
Pueblo,1,US,1623954785,21,38.2545,-104.6091,102.96,5.75
Aginskoye,100,RU,1623954830,81,51.1,114.53,51.94,22.53
Ust'-Barguzin,100,RU,1623955056,91,53.45,108.9833,43.11,2.75
Monte San Giovanni Campano,20,IT,1623955057,85,41.6406,13.5137,72.28,2.3
Yeppoon,9,AU,1623955057,57,-23.1333,150.7333,53.38,7.47
Vezirköprü,7,TR,1623955057,90,41.1436,35.4547,61.29,2.75
Rundu,0,NA,1623954800,25,-17.9333,19.7667,61.52,4.34
Lastoursville,95,GA,1623955058,94,-0.8143,12.7287,72.86,2.33
Bilma,1,NE,1623954870,10,18.6853,12.9164,97.07,4.54
Ilovlya,99,RU,1623955058,62,49.3033,43.9796,78.1,20.56
Monroe,20,US,1623955058,40,43.1501,-77.6831,75.58,11.5
Usinsk,7,RU,1623955059,79,65.9939,57.5281,43.83,5.97
Lugovoy,38,KZ,1623955059,40,42.9472,72.7644,66.36,6.85
Ifanadiana,6,MG,1623955059,96,-21.3,47.6333,57.04,3.13
Province of Trapani,0,IT,1623955060,60,37.8333,12.6667,75.2,20.71
Sarankhola,100,BD,1623955060,95,22.3082,89.7897,75.99,9.22
Ponta Delgada,40,PT,1623954937,64,37.7333,-25.6667,70.52,11.5
Cacheu,38,GW,1623955061,66,12.2706,-16.1658,91.54,10.96
Sungai Penuh,100,ID,1623955061,97,-2.0833,101.3833,63.81,3.2
Matagami,1,CA,1623955061,29,49.7502,-77.6328,77.11,11.5
Luancheng,0,CN,1623955062,64,37.8792,114.6517,71.6,6.71
São José da Coroa Grande,17,BR,1623955062,83,-8.8978,-35.1478,77.94,10.87
Inhambane,20,MZ,1623954779,88,-23.865,35.3833,66.2,6.93
Paciran,100,ID,1623955062,86,-6.8767,112.3761,77.18,5.7
Comarapa,100,BO,1623955063,90,-17.9,-64.4833,50.38,3.15
Teknāf,100,BD,1623955063,89,20.8624,92.3058,78.69,14.07
Bacungan,20,PH,1623955064,83,9.9106,118.7022,78.85,4.61
Hafizabad,100,PK,1623955064,26,32.0679,73.6854,93.22,5.68
Iskateley,3,RU,1623955064,54,67.6803,53.1512,44.91,11.36
Romans-sur-Isère,90,FR,1623955065,67,45.0464,5.0562,79.57,9.22
Vondrozo,16,MG,1623954796,97,-22.8167,47.2833,57.0,3.0
Kovernino,0,RU,1623955065,77,57.1253,43.8142,54.72,4.85
Abnūb,0,EG,1623955065,20,27.2696,31.1511,86.22,11.63
Bondo,100,CD,1623955066,99,3.8146,23.6866,69.01,2.1
Alofi,100,NU,1623954787,94,-19.0595,-169.9187,75.09,10.36
Tevaitoa,96,PF,1623955066,68,-16.7833,-151.5,80.44,22.88
Misawa,90,JP,1623955067,100,40.6836,141.3597,57.2,3.44
Sibiti,100,CG,1623955067,84,-3.6819,13.3499,70.27,1.45
Baiquan,99,CN,1623955067,61,47.5833,126.0833,57.65,10.33
Vanavara,7,RU,1623954735,68,60.34,102.2797,53.76,1.3
Stromness,55,GB,1623955068,85,58.965,-3.296,55.36,11.16
Basoko,100,CD,1623955068,83,1.2391,23.616,75.06,3.85
Lodwar,95,KE,1623955069,34,3.1191,35.5973,87.46,6.4
Ternate,96,ID,1623955069,81,0.8,127.4,79.39,2.89
Turukhansk,100,RU,1623955069,88,65.8167,87.9833,57.13,7.07
Balkanabat,0,TM,1623954973,10,39.5108,54.3671,93.7,11.39
Bari,0,IT,1623955070,46,41.1177,16.8512,75.99,5.75
Quatre Cocos,34,MU,1623954821,78,-20.2078,57.7625,69.91,15.03
Berezovyy,100,RU,1623955070,95,51.6667,135.7,55.94,3.71
Rūdbār,0,AF,1623955071,10,30.15,62.6,88.57,20.29
Musoma,20,TZ,1623955071,73,-1.5,33.8,73.4,4.81
Yumen,97,CN,1623954891,21,40.2833,97.2,63.5,7.05
